StartDate,EndDate,Status,IPAddress,Progress,Duration (in seconds),Finished,RecordedDate,ResponseId,RecipientLastName,RecipientFirstName,RecipientEmail,ExternalReference,LocationLatitude,LocationLongitude,DistributionChannel,UserLanguage,ConsentYorN,AC1,AC2,ScenarioTiming_First Click,ScenarioTiming_Last Click,ScenarioTiming_Page Submit,ScenarioTiming_Click Count,PalterTiming_First Click,PalterTiming_Last Click,PalterTiming_Page Submit,PalterTiming_Click Count,LieTiming_First Click,LieTiming_Last Click,LieTiming_Page Submit,LieTiming_Click Count,HonestyTiming_First Click,HonestyTiming_Last Click,HonestyTiming_Page Submit,HonestyTiming_Click Count,AnswerUnethical_1,AnswerUnethical_2,AnswerUnethical_3,BuyerUnethical_1,BuyerUnethical_2,BuyerUnethical_3,BuyerCreative_1,BuyerCreative_2,BuyerCreative_3,FutureNegotiation,BuyerTrust,Gender,Age,Comments,SurveyCode
Start Date,End Date,Response Type,IP Address,Progress,Duration (in seconds),Finished,Recorded Date,Response ID,Recipient Last Name,Recipient First Name,Recipient Email,External Data Reference,Location Latitude,Location Longitude,Distribution Channel,User Language,I have read and understand the above information and agree to participate in this study.,The picture below represents...,Please check all words that describe how you are currently feeling.,Timing - First Click,Timing - Last Click,Timing - Page Submit,Timing - Click Count,Timing - First Click,Timing - Last Click,Timing - Page Submit,Timing - Click Count,Timing - First Click,Timing - Last Click,Timing - Page Submit,Timing - Click Count,Timing - First Click,Timing - Last Click,Timing - Page Submit,Timing - Click Count,To what extent do you think the answer the Buyer gave you was… - ... unethical,To what extent do you think the answer the Buyer gave you was… - ... dishonest,To what extent do you think the answer the Buyer gave you was… - ... immoral,To what extent do you think the Buyer is… - ... unethical,To what extent do you think the Buyer is… - ... dishonest,To what extent do you think the Buyer is… - ... immoral,To what extent do you think the answer the Buyer gave you was… - ... creative,To what extent do you think the answer the Buyer gave you was… - ... innovative,To what extent do you think the answer the Buyer gave you was… - ... original,Let’s imagine you had the chance to engage in another negotiation with the same Buyer. To what extent do you think you would be likely to negotiate with the same Buyer rather than looking for a different partner?,Let’s imagine you actually had to negotiate again with the same Buyer. To what extent do you think you would trust the Buyer?,What is your gender?,How old are you?,"OPTIONAL: If you have any comments/feedback about this survey, please feel free to share them here.",SurveyCode
"{""ImportId"":""startDate"",""timeZone"":""America/Denver""}","{""ImportId"":""endDate"",""timeZone"":""America/Denver""}","{""ImportId"":""status""}","{""ImportId"":""ipAddress""}","{""ImportId"":""progress""}","{""ImportId"":""duration""}","{""ImportId"":""finished""}","{""ImportId"":""recordedDate"",""timeZone"":""America/Denver""}","{""ImportId"":""_recordId""}","{""ImportId"":""recipientLastName""}","{""ImportId"":""recipientFirstName""}","{""ImportId"":""recipientEmail""}","{""ImportId"":""externalDataReference""}","{""ImportId"":""locationLatitude""}","{""ImportId"":""locationLongitude""}","{""ImportId"":""distributionChannel""}","{""ImportId"":""userLanguage""}","{""ImportId"":""QID27""}","{""ImportId"":""QID5""}","{""ImportId"":""QID6""}","{""ImportId"":""QID48_FIRST_CLICK""}","{""ImportId"":""QID48_LAST_CLICK""}","{""ImportId"":""QID48_PAGE_SUBMIT""}","{""ImportId"":""QID48_CLICK_COUNT""}","{""ImportId"":""QID47_FIRST_CLICK""}","{""ImportId"":""QID47_LAST_CLICK""}","{""ImportId"":""QID47_PAGE_SUBMIT""}","{""ImportId"":""QID47_CLICK_COUNT""}","{""ImportId"":""QID46_FIRST_CLICK""}","{""ImportId"":""QID46_LAST_CLICK""}","{""ImportId"":""QID46_PAGE_SUBMIT""}","{""ImportId"":""QID46_CLICK_COUNT""}","{""ImportId"":""QID49_FIRST_CLICK""}","{""ImportId"":""QID49_LAST_CLICK""}","{""ImportId"":""QID49_PAGE_SUBMIT""}","{""ImportId"":""QID49_CLICK_COUNT""}","{""ImportId"":""QID14_1""}","{""ImportId"":""QID14_2""}","{""ImportId"":""QID14_3""}","{""ImportId"":""QID15_1""}","{""ImportId"":""QID15_2""}","{""ImportId"":""QID15_3""}","{""ImportId"":""QID16_1""}","{""ImportId"":""QID16_2""}","{""ImportId"":""QID16_3""}","{""ImportId"":""QID17""}","{""ImportId"":""QID18""}","{""ImportId"":""QID20""}","{""ImportId"":""QID21_TEXT""}","{""ImportId"":""QID53_TEXT""}","{""ImportId"":""SurveyCode""}"
12/3/19 12:16,12/3/19 12:17,0,,100,78,1,12/3/19 12:17,,,,,,,,anonymous,EN,1,1,21,0.289,2.124,16.29,2,0.439,8.032,11.512,3,,,,,,,,,7,7,7,7,7,7,1,1,1,1,1,1,24,,44220
12/3/19 12:16,12/3/19 12:17,0,,100,74,1,12/3/19 12:17,,,,,,,,anonymous,EN,1,1,21,5.796,6.144,32.639,2,,,,,,,,,0,0,1.015,0,4,4,5,5,4,5,5,5,6,6,4,1,25,,27051
12/3/19 12:17,12/3/19 12:18,0,,100,66,1,12/3/19 12:18,,,,,,,,anonymous,EN,1,1,21,0,0,18.038,0,,,,,0,0,1.189,0,,,,,4,3,6,3,2,5,3,3,5,4,2,1,26,,49743
12/3/19 12:17,12/3/19 12:18,0,,100,65,1,12/3/19 12:18,,,,,,,,anonymous,EN,1,1,21,0,0,18.211,0,,,,,,,,,0,0,1.979,0,3,4,4,4,6,6,4,3,3,4,4,2,33,,65348
12/3/19 12:16,12/3/19 12:19,0,,100,144,1,12/3/19 12:19,,,,,,,,anonymous,EN,1,1,21,4.292,4.292,67.699,1,,,,,,,,,0,0,9.012,0,2,2,2,4,4,4,4,3,4,4,3,1,39,,80081
12/3/19 12:16,12/3/19 12:19,0,,100,160,1,12/3/19 12:19,,,,,,,,anonymous,EN,1,1,21,33.615,33.615,35.793,1,,,,,0,0,12.322,0,,,,,6,6,6,6,6,6,2,2,2,2,2,2,36,,26192
12/3/19 12:16,12/3/19 12:19,0,,100,172,1,12/3/19 12:19,,,,,,,,anonymous,EN,1,1,21,0,0,73.952,0,0,0,13.705,0,,,,,,,,,3,6,3,5,5,5,6,6,5,3,2,2,51,,48836
12/3/19 12:18,12/3/19 12:19,0,,100,70,1,12/3/19 12:19,,,,,,,,anonymous,EN,1,1,21,0,0,16.402,0,,,,,,,,,0,0,5.513,0,6,6,6,5,5,5,4,4,4,3,2,2,31,,78554
12/3/19 12:16,12/3/19 12:19,0,,100,181,1,12/3/19 12:19,,,,,,,,anonymous,EN,1,1,21,0,0,62.214,0,0,0,22.594,0,,,,,,,,,7,7,7,7,7,7,6,4,4,1,1,2,59,,21997
12/3/19 12:17,12/3/19 12:19,0,,100,150,1,12/3/19 12:19,,,,,,,,anonymous,EN,1,1,21,0,0,29.514,0,,,,,0,0,8.551,0,,,,,6,6,6,6,6,6,2,2,2,1,1,2,36,,25043
12/3/19 12:16,12/3/19 12:20,0,,100,207,1,12/3/19 12:20,,,,,,,,anonymous,EN,1,1,21,0,0,39.516,0,,,,,,,,,0,0,11.26,0,4,5,6,6,5,4,5,6,7,4,5,1,32,,56739
12/3/19 12:16,12/3/19 12:20,0,,100,213,1,12/3/19 12:20,,,,,,,,anonymous,EN,1,1,21,0,0,77.132,0,,,,,0,0,13.836,0,,,,,4,5,3,4,5,3,1,1,1,3,2,1,32,,33512
12/3/19 12:16,12/3/19 12:20,0,,100,225,1,12/3/19 12:20,,,,,,,,anonymous,EN,1,1,21,0,0,100.998,0,0,0,21.116,0,,,,,,,,,6,6,6,6,6,6,4,4,4,1,1,1,35,,43319
12/3/19 12:17,12/3/19 12:20,0,,100,191,1,12/3/19 12:20,,,,,,,,anonymous,EN,1,1,21,0,0,66.777,0,,,,,0,0,44.308,0,,,,,3,3,3,5,5,5,2,2,2,3,3,1,56,,10949
12/3/19 12:16,12/3/19 12:20,0,,100,235,1,12/3/19 12:20,,,,,,,,anonymous,EN,1,1,21,7.658,8.861,31.459,2,2.685,6.27,20.57,2,,,,,,,,,7,7,7,7,7,7,1,1,1,1,1,1,31,,58815
12/3/19 12:16,12/3/19 12:20,0,,100,261,1,12/3/19 12:20,,,,,,,,anonymous,EN,1,1,21,9.585,18.4,121.83,3,,,,,12.096,19.432,20.686,3,,,,,3,2,3,3,2,3,2,2,1,5,3,1,45,no problems,72804
12/3/19 12:19,12/3/19 12:20,0,,100,100,1,12/3/19 12:20,,,,,,,,anonymous,EN,1,1,21,2.801,40.363,41.495,41,,,,,,,,,0,0,10.268,0,4,4,4,2,2,2,3,3,3,2,2,1,25,,44937
12/3/19 12:19,12/3/19 12:21,0,,100,103,1,12/3/19 12:21,,,,,,,,anonymous,EN,1,1,21,0,0,31.687,0,,,,,,,,,0,0,5.424,0,5,6,1,4,2,1,6,3,5,4,4,1,25,,97564
12/3/19 12:17,12/3/19 12:21,0,,100,230,1,12/3/19 12:21,,,,,,,,anonymous,EN,1,1,21,7.037,8.448,102.956,4,0,0,22.6,0,,,,,,,,,5,5,5,5,5,5,4,3,3,3,2,1,22,,76892
12/3/19 12:18,12/3/19 12:21,0,,100,163,1,12/3/19 12:21,,,,,,,,anonymous,EN,1,1,21,0,0,55.947,0,,,,,0,0,12.66,0,,,,,5,4,3,5,4,4,5,4,4,4,5,1,33,,76693
12/3/19 12:20,12/3/19 12:21,0,,100,84,1,12/3/19 12:21,,,,,,,,anonymous,EN,1,1,21,7.436,7.436,18.203,1,,,,,,,,,0,0,1.251,0,5,5,5,6,6,5,1,1,1,3,2,1,31,,39037
12/3/19 12:16,12/3/19 12:21,0,,100,293,1,12/3/19 12:21,,,,,,,,anonymous,EN,1,1,21,0,0,123.574,0,,,,,0,0,20.92,0,,,,,6,6,6,1,1,1,5,5,4,3,1,1,47,,55010
12/3/19 12:16,12/3/19 12:21,0,,100,298,1,12/3/19 12:21,,,,,,,,anonymous,EN,1,1,21,2.949,4.3,59.404,3,0,0,21.341,0,,,,,,,,,5,3,6,6,7,5,3,2,2,2,1,1,38,,89460
12/3/19 12:17,12/3/19 12:21,0,,100,252,1,12/3/19 12:21,,,,,,,,anonymous,EN,1,1,21,53.101,89.192,89.575,2,0,0,19.099,0,,,,,,,,,7,7,7,7,7,7,1,1,1,1,1,2,35,,15667
12/3/19 12:17,12/3/19 12:21,0,,100,258,1,12/3/19 12:21,,,,,,,,anonymous,EN,1,1,21,0,0,104.089,0,0,0,16.325,0,,,,,,,,,6,7,6,6,7,6,1,1,1,2,1,1,35,,89568
12/3/19 12:20,12/3/19 12:21,0,,100,100,1,12/3/19 12:21,,,,,,,,anonymous,EN,1,1,21,0,0,18.013,0,0,0,1.11,0,,,,,,,,,5,6,7,6,6,6,2,2,2,1,1,2,31,,69188
12/3/19 12:17,12/3/19 12:22,0,,100,256,1,12/3/19 12:22,,,,,,,,anonymous,EN,1,1,21,3.315,5.227,43.023,3,,,,,0,0,9.314,0,,,,,5,5,5,5,6,5,3,3,4,3,2,1,25,,72289
12/3/19 12:18,12/3/19 12:22,0,,100,232,1,12/3/19 12:22,,,,,,,,anonymous,EN,1,1,21,2.114,31.895,32.846,7,,,,,,,,,3.494,3.862,75.643,2,5,3,6,5,3,4,4,5,6,4,6,1,45,,66012
12/3/19 12:20,12/3/19 12:22,0,,100,137,1,12/3/19 12:22,,,,,,,,anonymous,EN,1,1,21,0,0,45.847,0,,,,,0,0,5.595,0,,,,,6,6,6,6,6,6,7,7,7,1,4,1,25,,57598
12/3/19 12:16,12/3/19 12:22,0,,100,339,1,12/3/19 12:22,,,,,,,,anonymous,EN,1,1,21,0,0,124.925,0,0,0,25.194,0,,,,,,,,,4,3,1,4,1,1,3,1,3,5,3,1,71,,99216
12/3/19 12:16,12/3/19 12:22,0,,100,372,1,12/3/19 12:22,,,,,,,,anonymous,EN,1,1,21,0,0,16.602,0,,,,,0,0,1.093,0,,,,,5,6,6,5,6,6,5,6,5,4,5,2,29,good,16955
12/3/19 12:19,12/3/19 12:23,0,,100,229,1,12/3/19 12:23,,,,,,,,anonymous,EN,1,1,21,0,0,91.298,0,0,0,20.869,0,,,,,,,,,3,5,4,4,5,5,2,2,3,3,2,1,25,,46869
12/3/19 12:20,12/3/19 12:23,0,,100,183,1,12/3/19 12:23,,,,,,,,anonymous,EN,1,1,21,0,0,72.895,0,,,,,,,,,0,0,19.596,0,1,1,1,1,1,1,1,1,1,7,7,2,61,,10108
12/3/19 12:18,12/3/19 12:24,0,,100,307,1,12/3/19 12:24,,,,,,,,anonymous,EN,1,1,21,0,0,180.659,0,,,,,,,,,0,0,5.146,0,3,2,3,5,3,4,6,5,5,6,5,1,35,none,14509
12/3/19 12:19,12/3/19 12:24,0,,100,304,1,12/3/19 12:24,,,,,,,,anonymous,EN,1,1,21,0,0,111.716,0,0,0,22.322,0,,,,,,,,,3,6,4,5,6,5,5,3,1,1,1,2,20,,27222
12/3/19 12:18,12/3/19 12:24,0,,100,361,1,12/3/19 12:24,,,,,,,,anonymous,EN,1,1,21,0,0,163.427,0,,,,,,,,,0,0,0.704,0,3,5,2,3,5,2,2,2,2,3,2,1,31,,28374
12/3/19 12:19,12/3/19 12:24,0,,100,321,1,12/3/19 12:24,,,,,,,,anonymous,EN,1,1,21,0,0,99.06,0,,,,,0,0,8.718,0,,,,,7,7,7,7,7,7,1,1,1,1,1,1,39,everything worked well.,74485
12/3/19 12:23,12/3/19 12:25,0,,100,90,1,12/3/19 12:25,,,,,,,,anonymous,EN,1,1,21,6.643,23.122,32.427,6,0,0,8.364,0,,,,,,,,,7,7,7,5,5,5,1,1,1,2,2,1,26,,17098
12/3/19 12:21,12/3/19 12:25,0,,100,233,1,12/3/19 12:25,,,,,,,,anonymous,EN,1,1,21,3.863,16.218,19.73,4,2.792,16.56,17.714,7,,,,,,,,,5,5,4,4,4,5,6,4,2,3,2,1,37,,42589
12/3/19 12:22,12/3/19 12:25,0,,100,177,1,12/3/19 12:25,,,,,,,,anonymous,EN,1,1,21,0,0,77.86,0,,,,,0,0,10.874,0,,,,,6,6,4,6,6,3,1,1,1,3,1,1,36,,45419
12/3/19 12:21,12/3/19 12:26,0,,100,356,1,12/3/19 12:26,,,,,,,,anonymous,EN,1,1,21,4.461,41.524,108.127,3,,,,,0,0,38.545,0,,,,,1,1,1,1,1,1,1,1,1,4,2,1,37,,18839
12/3/19 12:24,12/3/19 12:27,0,,100,134,1,12/3/19 12:27,,,,,,,,anonymous,EN,1,1,21,2.606,4.467,34.285,2,,,,,0,0,13.199,0,,,,,6,7,6,7,7,6,1,1,1,3,1,1,37,,22344
12/3/19 12:25,12/3/19 12:27,0,,100,121,1,12/3/19 12:27,,,,,,,,anonymous,EN,1,1,21,6.513,44.747,50.438,7,0,0,10.964,0,,,,,,,,,3,3,3,4,4,4,5,4,5,2,3,1,29,,61945
12/3/19 12:23,12/3/19 12:27,0,,100,252,1,12/3/19 12:27,,,,,,,,anonymous,EN,1,1,21,9.569,18.307,93.93,2,0,0,22.729,0,,,,,,,,,7,1,4,7,7,7,1,1,1,1,1,1,42,,27694
12/3/19 12:18,12/3/19 12:27,0,,100,572,1,12/3/19 12:27,,,,,,,,anonymous,EN,1,1,21,1.656,94.226,158.335,8,,,,,1.072,20.647,50.522,6,,,,,5,5,5,5,5,5,5,4,4,3,3,1,45,It said there interest had fallen off the map so I am confused on how it was now expected to be zoned for commercial use.,61869
12/3/19 12:21,12/3/19 12:28,0,,100,403,1,12/3/19 12:28,,,,,,,,anonymous,EN,1,1,21,0,0,178.243,0,,,,,,,,,0,0,26.221,0,5,4,3,6,6,5,3,3,2,4,2,2,59,I think the scenario described is probably not unusual.,11654
12/3/19 12:25,12/3/19 12:28,0,,100,166,1,12/3/19 12:28,,,,,,,,anonymous,EN,1,1,21,49.884,51.012,69.153,2,,,,,,,,,0,0,11.863,0,1,1,1,1,1,1,1,1,1,4,6,2,34,,37860
12/3/19 12:26,12/3/19 12:28,0,,100,170,1,12/3/19 12:28,,,,,,,,anonymous,EN,1,1,21,0,0,51.674,0,,,,,0,0,13.693,0,,,,,7,6,6,7,7,7,6,6,6,6,2,2,42,,23742
12/3/19 12:27,12/3/19 12:29,0,,100,121,1,12/3/19 12:29,,,,,,,,anonymous,EN,1,1,21,13.933,13.933,21.285,1,,,,,,,,,0,0,6.925,0,2,2,1,2,2,2,5,6,6,5,6,2,55,,85001
12/3/19 12:22,12/3/19 12:30,0,,100,460,1,12/3/19 12:30,,,,,,,,anonymous,EN,1,1,21,3.468,93.403,93.714,3,2.447,4.551,6.005,4,,,,,,,,,7,7,7,7,7,7,1,1,1,1,1,1,28,,14898
12/3/19 12:22,12/3/19 12:30,0,,100,476,1,12/3/19 12:30,,,,,,,,anonymous,EN,1,1,21,378.78,382.848,384.402,2,0,0,20.457,0,,,,,,,,,6,6,6,6,6,6,1,1,1,1,1,1,38,,55635
12/3/19 12:27,12/3/19 12:30,0,,100,156,1,12/3/19 12:30,,,,,,,,anonymous,EN,1,1,21,2.3,4.214,18.17,2,,,,,,,,,6.427,7.908,9.28,2,4,7,6,4,7,6,4,6,5,5,4,1,40,,77255
12/3/19 12:27,12/3/19 12:30,0,,100,145,1,12/3/19 12:30,,,,,,,,anonymous,EN,1,1,21,3.863,13.583,53.563,2,0,0,7.581,0,,,,,,,,,6,5,5,6,6,5,5,1,1,1,1,2,36,,54358
12/3/19 12:27,12/3/19 12:30,0,,100,154,1,12/3/19 12:30,,,,,,,,anonymous,EN,1,1,21,0,0,49.337,0,,,,,0,0,22.968,0,,,,,3,3,3,3,3,3,4,4,4,3,3,2,35,,49582
12/3/19 12:28,12/3/19 12:31,0,,100,162,1,12/3/19 12:31,,,,,,,,anonymous,EN,1,1,21,1.097,51.392,65.783,2,,,,,2.405,4.446,10.738,2,,,,,3,6,3,3,6,3,2,2,2,4,2,1,35,Thanks!,23990
12/3/19 12:29,12/3/19 12:31,0,,100,128,1,12/3/19 12:31,,,,,,,,anonymous,EN,1,1,21,16.12,16.12,16.525,1,,,,,,,,,0,0,5.371,0,4,4,5,5,1,4,5,4,5,6,1,1,28,,23448
12/3/19 12:29,12/3/19 12:31,0,,100,157,1,12/3/19 12:31,,,,,,,,anonymous,EN,1,1,21,0,0,74.631,0,,,,,0,0,18.08,0,,,,,2,2,2,2,2,2,5,5,5,5,5,1,21,,53536
12/3/19 12:30,12/3/19 12:31,0,,100,67,1,12/3/19 12:32,,,,,,,,anonymous,EN,1,1,21,0.308,1.885,19.567,2,,,,,,,,,0,0,4.801,0,6,4,4,6,7,6,6,7,6,6,4,1,32,,52071
12/3/19 12:28,12/3/19 12:32,0,,100,266,1,12/3/19 12:32,,,,,,,,anonymous,EN,1,1,21,2.942,212.706,212.99,7,,,,,,,,,1.4,1.804,8.106,2,3,2,3,3,2,2,4,4,5,3,3,1,39,,73804
12/3/19 12:31,12/3/19 12:33,0,,100,113,1,12/3/19 12:33,,,,,,,,anonymous,EN,1,1,21,1.286,86.344,86.979,2,,,,,0,0,0.186,0,,,,,7,1,3,2,2,4,3,5,4,3,3,1,23,,69610
12/3/19 12:31,12/3/19 12:34,0,,100,126,1,12/3/19 12:34,,,,,,,,anonymous,EN,1,1,21,21.843,41.138,41.712,4,0,0,10.7,0,,,,,,,,,1,1,1,7,7,7,1,1,1,1,1,2,23,,53487
12/3/19 12:28,12/3/19 12:35,0,,100,403,1,12/3/19 12:35,,,,,,,,anonymous,EN,1,1,21,6,24.207,25.753,3,6.843,7.835,10.086,2,,,,,,,,,7,7,5,7,7,5,4,4,4,1,1,2,56,,31798
12/3/19 12:34,12/3/19 12:35,0,,100,89,1,12/3/19 12:35,,,,,,,,anonymous,EN,1,1,21,0,0,43.424,0,0,0,2.62,0,,,,,,,,,3,4,3,2,2,2,4,3,4,4,3,2,38,,89745
12/3/19 12:33,12/3/19 12:36,0,,100,146,1,12/3/19 12:36,,,,,,,,anonymous,EN,1,1,21,2.182,31.742,34.006,3,,,,,4.623,4.623,16.19,1,,,,,6,6,5,6,6,6,2,2,2,2,1,1,40,"Thank you very much for this HIT, and best of luck with your research",19095
12/3/19 12:34,12/3/19 12:37,0,,100,181,1,12/3/19 12:37,,,,,,,,anonymous,EN,1,1,21,16.366,46.281,59.513,3,,,,,0,0,23.344,0,,,,,6,7,5,6,7,4,2,2,2,3,2,1,29,,32324
12/3/19 12:32,12/3/19 12:38,0,,100,315,1,12/3/19 12:38,,,,,,,,anonymous,EN,1,1,21,2.874,11.506,86.169,5,,,,,,,,,4.409,7.836,33.471,3,1,1,1,1,1,1,4,5,5,4,4,2,57,Thank You,78687
12/3/19 12:33,12/3/19 12:38,0,,100,261,1,12/3/19 12:38,,,,,,,,anonymous,EN,1,1,21,6.177,6.177,112.09,1,6.996,47.694,55.038,3,,,,,,,,,7,7,7,7,7,7,1,1,1,1,1,1,28,,11409
12/3/19 12:34,12/3/19 12:38,0,,100,239,1,12/3/19 12:38,,,,,,,,anonymous,EN,1,1,21,0,0,196.58,0,,,,,0,0,1.169,0,,,,,5,6,6,5,5,5,4,4,4,7,1,2,37,,58486
12/3/19 12:35,12/3/19 12:38,0,,100,187,1,12/3/19 12:38,,,,,,,,anonymous,EN,1,1,21,1.298,45.746,48.086,2,,,,,,,,,5.63,5.63,20.252,1,1,1,1,1,1,1,1,1,1,6,6,1,25,,37376
12/3/19 12:26,12/3/19 12:39,0,,100,734,1,12/3/19 12:39,,,,,,,,anonymous,EN,1,1,21,4.37,4.37,70.997,1,,,,,0,0,2.966,0,,,,,4,4,4,4,4,4,4,4,4,4,4,1,30,,52692
12/3/19 12:34,12/3/19 12:39,0,,100,298,1,12/3/19 12:39,,,,,,,,anonymous,EN,1,1,21,0,0,101.31,0,0,0,20.366,0,,,,,,,,,3,5,3,4,4,4,2,2,2,3,4,2,24,,70448
12/3/19 12:36,12/3/19 12:39,0,,100,190,1,12/3/19 12:39,,,,,,,,anonymous,EN,1,1,21,1.23,57.158,80.327,7,0,0,16.829,0,,,,,,,,,4,4,4,5,6,5,6,5,5,1,1,1,34,,44768
12/3/19 12:38,12/3/19 12:39,0,,100,85,1,12/3/19 12:39,,,,,,,,anonymous,EN,1,1,21,0,0,25.222,0,,,,,,,,,0,0,2.928,0,6,4,4,2,5,4,6,5,3,5,6,1,23,,89562
12/3/19 12:38,12/3/19 12:39,0,,100,106,1,12/3/19 12:39,,,,,,,,anonymous,EN,1,1,21,0,0,16.444,0,,,,,0,0,1.545,0,,,,,1,4,5,2,3,4,6,3,4,3,6,2,32,ty,95778
12/3/19 12:37,12/3/19 12:40,0,,100,170,1,12/3/19 12:40,,,,,,,,anonymous,EN,1,1,21,8.571,67.524,71.735,50,,,,,,,,,0,0,12.159,0,3,2,2,4,3,4,3,3,3,4,4,1,33,Great study. No issues. ,31472
12/3/19 12:31,12/3/19 12:40,0,,100,507,1,12/3/19 12:40,,,,,,,,anonymous,EN,1,1,21,0,0,50.18,0,0,0,10.66,0,,,,,,,,,6,7,7,7,7,7,1,1,1,1,1,1,25,,81438
12/3/19 12:38,12/3/19 12:40,0,,100,149,1,12/3/19 12:40,,,,,,,,anonymous,EN,1,1,21,4.638,13.456,27.284,2,,,,,0,0,1.483,0,,,,,6,6,5,7,6,5,5,5,5,6,5,2,28,,60686
12/3/19 12:34,12/3/19 12:41,0,,100,409,1,12/3/19 12:41,,,,,,,,anonymous,EN,1,1,21,0,0,102.331,0,0,0,11.516,0,,,,,,,,,1,1,1,1,1,1,4,4,1,5,4,2,30,,34400
12/3/19 12:40,12/3/19 12:41,0,,100,69,1,12/3/19 12:41,,,,,,,,anonymous,EN,1,1,21,0.136,0.136,18.276,1,,,,,,,,,0.659,2.075,6.122,2,6,5,6,5,6,6,3,2,2,3,1,1,28,,71944
12/3/19 12:34,12/3/19 12:41,0,,100,432,1,12/3/19 12:41,,,,,,,,anonymous,EN,1,1,21,2.136,160.343,161.144,3,0,0,1.029,0,,,,,,,,,4,4,4,4,4,4,5,5,5,3,3,1,27,,93577
12/3/19 12:40,12/3/19 12:41,0,,100,106,1,12/3/19 12:41,,,,,,,,anonymous,EN,1,1,21,0,0,38.235,0,,,,,,,,,0,0,7.543,0,2,2,2,2,2,2,7,6,7,6,7,1,23,,59184
12/3/19 12:40,12/3/19 12:42,0,,100,98,1,12/3/19 12:42,,,,,,,,anonymous,EN,1,1,21,0.496,37.303,38.883,32,,,,,,,,,1.018,10.088,11.458,11,1,1,1,1,1,1,1,1,1,7,7,1,33,,59153
12/3/19 12:39,12/3/19 12:42,0,,100,177,1,12/3/19 12:42,,,,,,,,anonymous,EN,1,1,21,0,0,55.032,0,,,,,0,0,20.408,0,,,,,6,7,5,6,6,6,4,3,3,2,1,1,36,,39693
12/3/19 12:37,12/3/19 12:42,0,,100,301,1,12/3/19 12:42,,,,,,,,anonymous,EN,1,1,21,106.335,180.777,182.236,3,,,,,0,0,9.172,0,,,,,7,7,7,7,7,7,2,1,1,1,1,2,45,Thank you!,48305
12/3/19 12:41,12/3/19 12:43,0,,100,93,1,12/3/19 12:43,,,,,,,,anonymous,EN,1,1,21,0,0,42.963,0,0,0,6.73,0,,,,,,,,,6,7,6,6,6,6,4,4,4,1,1,2,25,,88866
12/3/19 12:38,12/3/19 12:44,0,,100,408,1,12/3/19 12:44,,,,,,,,anonymous,EN,1,1,21,1.318,150.28,157.185,19,1.026,1.026,13.722,1,,,,,,,,,3,5,2,2,4,2,6,5,6,6,3,1,44,Everything worked great,12351
12/3/19 12:42,12/3/19 12:45,0,,100,156,1,12/3/19 12:45,,,,,,,,anonymous,EN,1,1,21,20.603,42.076,51.793,3,,,,,0,0,9.548,0,,,,,1,1,1,1,1,1,4,1,1,1,6,1,29,Interesting survey. Thank you!,73356
12/3/19 12:32,12/3/19 12:45,0,,100,763,1,12/3/19 12:45,,,,,,,,anonymous,EN,1,1,21,0,0,608.689,0,,,,,,,,,0,0,8.517,0,6,6,6,6,6,6,2,2,2,4,5,2,28,,90534
12/3/19 12:42,12/3/19 12:46,0,,100,228,1,12/3/19 12:46,,,,,,,,anonymous,EN,1,1,21,0,0,65.055,0,0,0,11.88,0,,,,,,,,,5,4,5,5,5,5,1,1,1,1,1,1,47,,70855
12/3/19 12:44,12/3/19 12:46,0,,100,137,1,12/3/19 12:46,,,,,,,,anonymous,EN,1,1,21,0,0,66.522,0,,,,,,,,,0,0,9.545,0,4,4,4,5,5,5,3,3,2,1,1,1,37,,44213
12/3/19 12:42,12/3/19 12:47,0,,100,261,1,12/3/19 12:47,,,,,,,,anonymous,EN,1,1,21,1.191,80.923,80.975,11,,,,,61.062,61.062,75.074,1,,,,,6,7,6,7,7,6,2,1,1,1,1,1,35,,75534
12/3/19 12:44,12/3/19 12:47,0,,100,172,1,12/3/19 12:47,,,,,,,,anonymous,EN,1,1,21,0,0,56.47,0,,,,,0,0,28.038,0,,,,,5,7,4,5,6,5,1,1,1,3,2,1,25,,88177
12/3/19 12:44,12/3/19 12:47,0,,100,167,1,12/3/19 12:47,,,,,,,,anonymous,EN,1,1,21,0,0,44.765,0,0,0,24.019,0,,,,,,,,,3,2,2,3,4,3,6,6,7,3,3,1,25,,18928
12/3/19 12:47,12/3/19 12:49,0,,100,122,1,12/3/19 12:49,,,,,,,,anonymous,EN,1,1,21,3.202,4.834,29.602,3,,,,,,,,,16.635,16.635,17.357,1,6,6,6,6,6,6,3,3,3,2,2,1,29,,69629
12/3/19 12:44,12/3/19 12:49,0,,100,315,1,12/3/19 12:49,,,,,,,,anonymous,EN,1,1,21,2.432,152.125,152.88,9,,,,,0.734,12.835,40.464,2,,,,,2,1,1,2,3,2,5,5,7,4,6,1,27,,89461
12/3/19 12:46,12/3/19 12:50,0,,100,261,1,12/3/19 12:50,,,,,,,,anonymous,EN,1,1,21,21.149,97.423,103.675,5,,,,,,,,,1.635,1.635,15.656,1,2,2,2,2,2,2,3,3,3,7,6,2,42,,41341
12/3/19 12:44,12/3/19 12:50,0,,100,370,1,12/3/19 12:50,,,,,,,,anonymous,EN,1,1,1,0,0,43.234,0,0,0,2.821,0,,,,,,,,,6,7,6,6,7,6,6,7,6,6,7,1,28,,24687
12/3/19 12:47,12/3/19 12:51,0,,100,212,1,12/3/19 12:51,,,,,,,,anonymous,EN,1,1,21,0,0,101.329,0,0,0,15.185,0,,,,,,,,,4,4,4,4,5,4,5,4,4,7,1,1,26,,76978
12/3/19 12:49,12/3/19 12:52,0,,100,150,1,12/3/19 12:52,,,,,,,,anonymous,EN,1,1,21,37.412,37.412,50.159,1,,,,,,,,,3.621,3.621,46.624,1,5,5,4,5,5,4,3,3,3,1,1,1,47,,35136
12/3/19 12:49,12/3/19 12:52,0,,100,181,1,12/3/19 12:52,,,,,,,,anonymous,EN,1,1,21,0,0,65.075,0,0,0,14.319,0,,,,,,,,,1,3,1,3,6,2,2,1,1,3,2,1,44,,94643
12/3/19 12:53,12/3/19 12:54,0,,100,62,1,12/3/19 12:54,,,,,,,,anonymous,EN,1,1,21,0,0,16.159,0,0,0,5.153,0,,,,,,,,,6,5,4,4,4,5,5,4,5,4,4,1,22,,16305
12/3/19 12:53,12/3/19 12:54,0,,100,97,1,12/3/19 12:54,,,,,,,,anonymous,EN,1,1,21,0,0,33.61,0,0,0,8.046,0,,,,,,,,,1,1,1,5,4,5,3,3,3,3,1,2,23,,19437
12/3/19 12:51,12/3/19 12:55,0,,100,191,1,12/3/19 12:55,,,,,,,,anonymous,EN,1,1,21,0,0,21.025,0,,,,,,,,,0,0,75.906,0,7,6,7,6,7,6,7,6,7,6,7,1,27,,85754
12/3/19 12:52,12/3/19 12:56,0,,100,204,1,12/3/19 12:56,,,,,,,,anonymous,EN,1,1,21,0,0,16.634,0,,,,,0,0,5.006,0,,,,,5,4,4,5,4,4,3,2,2,4,4,1,31,,52689
12/3/19 12:53,12/3/19 12:56,0,,100,171,1,12/3/19 12:56,,,,,,,,anonymous,EN,1,1,21,0,0,64.899,0,,,,,0,0,10.226,0,,,,,6,7,5,6,7,5,1,1,1,1,1,2,36,,80506
12/3/19 12:53,12/3/19 12:56,0,,100,190,1,12/3/19 12:56,,,,,,,,anonymous,EN,1,1,21,26.702,26.702,39.852,1,,,,,,,,,0,0,35.658,0,1,1,1,4,4,4,1,1,1,1,1,1,28,,37208
12/3/19 12:52,12/3/19 12:58,0,,100,332,1,12/3/19 12:58,,,,,,,,anonymous,EN,1,1,21,4.833,4.833,124.515,1,,,,,3.124,3.124,15.524,1,,,,,5,7,6,5,6,5,3,3,3,2,2,1,28,,99061
12/3/19 12:37,12/3/19 12:58,0,,100,1239,1,12/3/19 12:58,,,,,,,,anonymous,EN,1,1,21,3.005,3.246,1136.11,2,0.56,0.56,0.907,1,,,,,,,,,5,3,5,4,5,4,2,4,5,4,2,2,26,,60378
12/3/19 12:54,12/3/19 12:58,0,,100,209,1,12/3/19 12:58,,,,,,,,anonymous,EN,1,1,21,0,0,88.452,0,0,0,19.747,0,,,,,,,,,1,1,1,1,1,1,1,1,7,4,4,1,45,,64875
12/3/19 12:57,12/3/19 12:58,0,,100,117,1,12/3/19 12:58,,,,,,,,anonymous,EN,1,1,21,0,0,35.893,0,13.287,13.287,13.697,1,,,,,,,,,3,5,4,3,5,5,6,5,5,6,2,1,31,,33722
12/3/19 12:53,12/3/19 12:59,0,,100,348,1,12/3/19 12:59,,,,,,,,anonymous,EN,1,1,21,3.313,78.219,127.154,7,,,,,,,,,0,0,17.009,0,5,6,6,6,6,6,7,6,3,3,5,1,26,,21609
12/3/19 12:58,12/3/19 13:01,0,,100,141,1,12/3/19 13:01,,,,,,,,anonymous,EN,1,1,21,41.78,43.781,57.451,3,,,,,0,0,10.179,0,,,,,6,6,6,6,6,6,3,3,3,3,2,2,26,,68653
12/3/19 12:58,12/3/19 13:01,0,,100,146,1,12/3/19 13:01,,,,,,,,anonymous,EN,1,1,21,0,0,50.218,0,,,,,,,,,0,0,13.03,0,6,6,4,6,5,5,4,3,4,3,3,2,38,,36792
12/3/19 12:58,12/3/19 13:01,0,,100,162,1,12/3/19 13:01,,,,,,,,anonymous,EN,1,1,21,0,0,60.085,0,,,,,0,0,14.804,0,,,,,1,1,1,1,1,1,5,5,5,4,4,1,25,,60837
12/3/19 12:59,12/3/19 13:01,0,,100,137,1,12/3/19 13:01,,,,,,,,anonymous,EN,1,1,21,13.005,13.005,27.636,1,,,,,,,,,0,0,10.541,0,3,2,2,2,2,2,6,6,6,6,4,1,35,,98704
12/3/19 13:02,12/3/19 13:04,0,,100,84,1,12/3/19 13:04,,,,,,,,anonymous,EN,1,1,21,0,0,20.518,0,,,,,0,0,11.26,0,,,,,3,6,3,3,6,4,3,6,3,6,1,1,24,,12149
12/3/19 13:02,12/3/19 13:04,0,,100,143,1,12/3/19 13:04,,,,,,,,anonymous,EN,1,1,21,0,0,42.812,0,,,,,0,0,11.924,0,,,,,4,7,2,6,6,4,2,1,1,2,1,1,53,,37272
12/3/19 13:01,12/3/19 13:04,0,,100,231,1,12/3/19 13:04,,,,,,,,anonymous,EN,1,1,21,0,0,147.353,0,1.621,1.621,18.557,1,,,,,,,,,2,1,3,2,1,1,5,6,6,6,5,1,39,,94890
12/3/19 13:03,12/3/19 13:05,0,,100,142,1,12/3/19 13:05,,,,,,,,anonymous,EN,1,1,21,0,0,43.245,0,,,,,,,,,0,0,14.171,0,3,3,3,6,6,6,5,5,5,3,2,1,23,,43278
12/3/19 13:03,12/3/19 13:05,0,,100,172,1,12/3/19 13:05,,,,,,,,anonymous,EN,1,1,21,1.322,5.192,86.749,3,7.857,10.12,15.661,2,,,,,,,,,2,6,2,3,7,2,3,2,1,1,1,1,34,,90669
12/3/19 13:00,12/3/19 13:06,0,,100,305,1,12/3/19 13:06,,,,,,,,anonymous,EN,1,1,21,2.892,6.854,22.269,2,0.68,2.611,63.005,2,,,,,,,,,4,4,2,6,5,6,1,2,4,1,1,1,38,,28156
12/3/19 13:04,12/3/19 13:10,0,,100,342,1,12/3/19 13:10,,,,,,,,anonymous,EN,1,1,21,2.269,2.761,26.199,2,,,,,1.57,13.69,14.684,3,,,,,1,1,2,1,1,1,6,2,6,5,5,1,32,,57222
12/3/19 13:07,12/3/19 13:10,0,,100,162,1,12/3/19 13:10,,,,,,,,anonymous,EN,1,1,21,0,0,54.861,0,,,,,,,,,0,0,8.299,0,3,3,3,3,3,3,2,3,2,5,3,1,26,,26267
12/3/19 13:07,12/3/19 13:11,0,,100,212,1,12/3/19 13:11,,,,,,,,anonymous,EN,1,1,21,119.868,121.431,123.453,3,,,,,0,0,9.196,0,,,,,5,6,6,6,7,6,2,2,2,2,2,1,24,,94151
12/3/19 13:08,12/3/19 13:11,0,,100,181,1,12/3/19 13:11,,,,,,,,anonymous,EN,1,1,21,0,0,101.115,0,1.091,1.091,11.914,1,,,,,,,,,1,1,1,1,1,1,1,1,1,1,1,2,34,,44508
12/3/19 13:05,12/3/19 13:12,0,,100,435,1,12/3/19 13:12,,,,,,,,anonymous,EN,1,1,21,0,0,202.987,0,,,,,,,,,0,0,9.098,0,2,1,2,2,1,1,3,3,5,6,6,1,35,,35888
12/3/19 13:10,12/3/19 13:12,0,,100,140,1,12/3/19 13:12,,,,,,,,anonymous,EN,1,1,21,0.872,34.445,60.296,4,,,,,,,,,0,0,17.166,0,1,1,1,1,1,1,3,3,3,4,6,2,32,,35328
12/3/19 13:09,12/3/19 13:12,0,,100,169,1,12/3/19 13:12,,,,,,,,anonymous,EN,1,1,21,1.176,3.672,65.748,3,,,,,4.477,5.981,13.399,3,,,,,6,7,6,6,7,6,1,1,1,1,1,1,39,,21824
12/3/19 12:21,12/3/19 13:12,0,,100,3065,1,12/3/19 13:12,,,,,,,,anonymous,EN,1,1,21,1599.836,1599.836,1601.04,1,,,,,1.409,1.409,2.021,1,,,,,3,7,7,4,7,3,4,1,3,5,5,1,30,,93348
12/3/19 13:09,12/3/19 13:13,0,,100,258,1,12/3/19 13:13,,,,,,,,anonymous,EN,1,1,21,128.002,128.002,128.229,1,0,0,23.85,0,,,,,,,,,7,7,1,1,6,5,6,4,6,3,4,1,28,,58585
12/3/19 13:11,12/3/19 13:14,0,,100,170,1,12/3/19 13:14,,,,,,,,anonymous,EN,1,1,21,3.532,3.532,38.872,1,,,,,,,,,0,0,6.297,0,4,3,3,3,3,2,2,3,3,3,2,2,23,,17198
12/3/19 13:13,12/3/19 13:16,0,,100,137,1,12/3/19 13:16,,,,,,,,anonymous,EN,1,1,21,0,0,44.333,0,0,0,13.739,0,,,,,,,,,2,2,2,2,2,2,4,4,4,6,6,1,59,,48478
12/3/19 13:17,12/3/19 13:19,0,,100,146,1,12/3/19 13:19,,,,,,,,anonymous,EN,1,1,21,0,0,40.612,0,,,,,6.359,6.359,10.936,1,,,,,3,3,3,3,3,3,1,1,1,5,4,1,31,"I answered thoughtfully, good luck!",72332
12/3/19 13:18,12/3/19 13:20,0,,100,103,1,12/3/19 13:20,,,,,,,,anonymous,EN,1,1,21,9.208,15.2,18.987,13,0,0,1.469,0,,,,,,,,,5,6,5,5,6,5,4,5,6,5,4,1,31,Good,14182
12/3/19 13:19,12/3/19 13:21,0,,100,96,1,12/3/19 13:21,,,,,,,,anonymous,EN,1,1,21,1.267,9.085,16.607,5,,,,,9.999,9.999,11.844,1,,,,,4,5,5,5,4,4,5,4,5,4,5,1,34,,52505
12/3/19 13:19,12/3/19 13:22,0,,100,192,1,12/3/19 13:22,,,,,,,,anonymous,EN,1,1,21,2.962,3.61,16.789,2,,,,,,,,,2.69,3.237,4.68,2,6,3,2,2,2,2,6,1,5,3,5,1,30,,96629
12/3/19 13:17,12/3/19 13:22,0,,100,323,1,12/3/19 13:22,,,,,,,,anonymous,EN,1,1,21,77.721,77.721,150.548,1,0,0,15.452,0,,,,,,,,,1,1,1,1,4,2,3,3,1,4,3,1,22,,18287
12/3/19 13:22,12/3/19 13:25,0,,100,129,1,12/3/19 13:25,,,,,,,,anonymous,EN,1,1,21,0,0,39.585,0,,,,,,,,,0,0,1.226,0,4,5,6,5,6,5,5,6,5,5,4,1,31,Good,25083
12/3/19 13:25,12/3/19 13:27,0,,100,107,1,12/3/19 13:27,,,,,,,,anonymous,EN,1,1,21,0,0,24.841,0,,,,,0,0,11.397,0,,,,,5,6,6,6,6,6,3,4,4,2,1,1,26,,41277
12/3/19 13:26,12/3/19 13:29,0,,100,158,1,12/3/19 13:29,,,,,,,,anonymous,EN,1,1,21,0,0,16.567,0,,,,,,,,,0,0,1.618,0,6,7,6,7,6,6,5,6,6,4,6,1,32,,80390
12/3/19 13:31,12/3/19 13:34,0,,100,218,1,12/3/19 13:34,,,,,,,,anonymous,EN,1,1,21,0,0,81.08,0,0,0,22.101,0,,,,,,,,,7,7,7,7,7,7,1,1,1,1,1,1,51,,70047
12/3/19 13:36,12/3/19 13:40,0,,100,230,1,12/3/19 13:40,,,,,,,,anonymous,EN,1,1,21,2.305,9.71,16.344,5,,,,,2.242,7.718,8.958,3,,,,,5,6,5,3,5,3,2,2,2,3,3,1,33,,98996
12/3/19 13:38,12/3/19 13:41,0,,100,174,1,12/3/19 13:41,,,,,,,,anonymous,EN,1,1,21,3.966,72.531,73.667,3,,,,,,,,,15.885,15.885,16.505,1,2,2,5,5,5,1,6,3,7,5,5,2,47,,97296
12/3/19 13:38,12/3/19 13:42,0,,100,203,1,12/3/19 13:42,,,,,,,,anonymous,EN,1,1,21,82.488,82.488,93.547,1,0,0,14.125,0,,,,,,,,,4,3,4,3,3,3,3,3,5,3,2,1,35,,61273
12/3/19 13:40,12/3/19 13:42,0,,100,153,1,12/3/19 13:42,,,,,,,,anonymous,EN,1,1,21,0,0,66.992,0,,,,,0,0,11.747,0,,,,,6,7,7,7,7,7,2,2,2,2,2,2,30,,29314
12/3/19 13:40,12/3/19 13:43,0,,100,200,1,12/3/19 13:44,,,,,,,,anonymous,EN,1,1,21,21.487,54.22,70.42,5,,,,,0,0,21.345,0,,,,,3,5,3,3,4,3,5,4,3,3,2,1,51,Thanks good day !,84251
12/3/19 13:39,12/3/19 13:52,0,,100,803,1,12/3/19 13:52,,,,,,,,anonymous,EN,1,1,21,177.758,540.164,541.301,6,,,,,,,,,0,0,17.071,0,1,1,1,1,1,1,2,1,2,5,6,1,30,,96436
12/3/19 13:50,12/3/19 13:53,0,,100,178,1,12/3/19 13:53,,,,,,,,anonymous,EN,1,1,1,0,0,98.647,0,0,0,1.104,0,,,,,,,,,6,5,7,6,4,5,5,6,4,5,6,1,29,,78325
12/3/19 13:52,12/3/19 13:56,0,,100,219,1,12/3/19 13:56,,,,,,,,anonymous,EN,1,1,21,42.326,59.576,60.58,2,0,0,16.265,0,,,,,,,,,5,5,5,5,5,5,6,6,5,6,2,1,22,,55994
12/3/19 13:48,12/3/19 13:57,0,,100,556,1,12/3/19 13:57,,,,,,,,anonymous,EN,1,1,21,392.052,399.193,439.817,4,,,,,,,,,0,0,8.889,0,1,1,1,1,1,2,4,4,4,4,5,1,30,,92269
12/3/19 14:00,12/3/19 14:01,0,,100,108,1,12/3/19 14:01,,,,,,,,anonymous,EN,1,1,21,17.198,17.198,17.578,1,,,,,0,0,14.218,0,,,,,5,6,5,6,6,6,3,3,3,2,2,2,30,,22466
12/3/19 13:56,12/3/19 14:04,0,,100,453,1,12/3/19 14:04,,,,,,,,anonymous,EN,1,1,21,1.414,200.702,213.65,12,,,,,,,,,0,0,17.21,0,1,1,1,5,5,5,2,2,2,4,2,1,37,"i have none, thanks!",53378
12/3/19 14:10,12/3/19 14:12,0,,100,110,1,12/3/19 14:12,,,,,,,,anonymous,EN,1,1,21,0,0,33.122,0,,,,,0,0,7.029,0,,,,,3,6,3,3,6,3,2,2,1,2,2,1,41,,81451
12/3/19 14:20,12/3/19 14:24,0,,100,272,1,12/3/19 14:24,,,,,,,,anonymous,EN,1,1,21,4.029,126.763,143.658,5,0,0,19.062,0,,,,,,,,,1,5,1,2,6,2,3,1,1,4,3,1,33,,90806
12/3/19 14:48,12/3/19 14:50,0,,100,101,1,12/3/19 14:50,,,,,,,,anonymous,EN,1,1,21,0,0,20.52,0,,,,,0,0,6.194,0,,,,,6,7,5,6,6,5,1,1,1,2,2,2,34,,11009
12/3/19 15:12,12/3/19 15:14,0,,100,144,1,12/3/19 15:14,,,,,,,,anonymous,EN,1,1,21,0,0,62.945,0,0,0,14.608,0,,,,,,,,,5,6,5,4,5,4,5,4,5,3,2,2,31,,48764